symbol,company_name,price,currency,exchange,quote_time,request_id
0M0.DE,Averdion Se,1.47,EUR,XETRA,2026-09-29 15:35:32+00:00,85c6372d-907f-4b49-84a8-823d845ea25c
14D.DE,tokentus investment AG,0.615,EUR,XETRA,2026-09-29 15:35:31+00:00,85c6372d-907f-4b49-84a8-823d845ea25c
27N0.DE,Cannovum Cannabis AG,0.578,EUR,XETRA,2026-09-29 15:35:33+00:00,85c6372d-907f-4b49-84a8-823d845ea25c
2SWT.DE,Leverage Shares 2x Short WTI Oil ETC,0.5025,EUR,XETRA,2026-09-29 15:35:48+00:00,85c6372d-907f-4b49-84a8-823d845ea25c
3BBE.DE,Leverage Shares 3x Alibaba ETP Securities,1.2714,EUR,XETRA,2026-09-29 15:35:51+00:00,85c6372d-907f-4b49-84a8-823d845ea25c
3CIN.DE,Leverage Shares 3x Long China ETP Securities,1.9264,EUR,XETRA,2026-09-29 15:35:51+00:00,85c6372d-907f-4b49-84a8-823d845ea25c
3COI.DE,Leverage Shares 3x Long Coinbase (COIN) ETP Securities,0.2407,EUR,XETRA,2026-09-29 15:36:01+00:00,85c6372d-907f-4b49-84a8-823d845ea25c
3CRE.DE,Leverage Shares 3x Salesforce.Com ETP Securities,1.111,EUR,XETRA,2026-09-29 15:35:56+00:00,85c6372d-907f-4b49-84a8-823d845ea25c
3HNX.DE,Leverage Shares 3x Long SK Hynix ETP,1.0365,EUR,XETRA,2026-09-29 15:35:45+00:00,85c6372d-907f-4b49-84a8-823d845ea25c
3TSC.DE,Leverage Shares -3x Short Taiwan Semiconductor (TSM) ETP Securities,0.304,EUR,XETRA,2026-09-29 15:35:49+00:00,85c6372d-907f-4b49-84a8-823d845ea25c
3URE.DE,Leverage Shares 3x Uber ETC Securities,0.2402,EUR,XETRA,2026-09-29 15:35:45+00:00,85c6372d-907f-4b49-84a8-823d845ea25c
690D.DE,"Haier Smart Home Co., Ltd.",1.852,EUR,XETRA,2026-09-29 15:35:42+00:00,85c6372d-907f-4b49-84a8-823d845ea25c
81D.DE,Swissnet AG,1.34,EUR,XETRA,2026-09-29 15:35:37+00:00,85c6372d-907f-4b49-84a8-823d845ea25c
A6T.DE,artec technologies AG,1.99,EUR,XETRA,2026-09-29 15:35:24+00:00,85c6372d-907f-4b49-84a8-823d845ea25c
AAQ1.DE,aap Implantate AG,1.64,EUR,XETRA,2026-09-29 15:35:22+00:00,85c6372d-907f-4b49-84a8-823d845ea25c
ABO.DE,clearvise AG,1.16,EUR,XETRA,2026-09-29 15:35:43+00:00,85c6372d-907f-4b49-84a8-823d845ea25c
ABX.DE,Advanced Blockchain AG,1.246,EUR,XETRA,2026-09-29 15:35:15+00:00,85c6372d-907f-4b49-84a8-823d845ea25c
ADJ.DE,Adler Group S.A.,0.1,EUR,XETRA,2026-09-29 15:35:49+00:00,85c6372d-907f-4b49-84a8-823d845ea25c
ADOT.DE,21Shares Polkadot ETP,0.5025,EUR,XETRA,2026-09-29 15:36:04+00:00,85c6372d-907f-4b49-84a8-823d845ea25c
ALC0.DE,21Shares Algorand ETP,1.114,EUR,XETRA,2026-09-29 15:36:00+00:00,85c6372d-907f-4b49-84a8-823d845ea25c
AMI.DE,medondo holding AG,0.1505,EUR,XETRA,2026-09-29 15:35:40+00:00,85c6372d-907f-4b49-84a8-823d845ea25c
AMM.DE,The Grounds Real Estate Development AG,0.35,EUR,XETRA,2026-09-29 15:35:27+00:00,85c6372d-907f-4b49-84a8-823d845ea25c
APTB.DE,Bitwise Aptos Staking ETN,0.7482,EUR,XETRA,2026-09-29 15:35:48+00:00,85c6372d-907f-4b49-84a8-823d845ea25c
AT1.DE,Aroundtown SA,1.676,EUR,XETRA,2026-09-29 15:35:00+00:00,85c6372d-907f-4b49-84a8-823d845ea25c
BRNK.DE,Branicks Group AG,0.536,EUR,XETRA,2026-09-29 15:35:40+00:00,85c6372d-907f-4b49-84a8-823d845ea25c
BXT.DE,BioNxt Solutions Inc.,0.228,EUR,XETRA,2026-09-29 15:35:32+00:00,85c6372d-907f-4b49-84a8-823d845ea25c
C3R.DE,Cherry SE,1.115,EUR,XETRA,2026-09-29 15:35:16+00:00,85c6372d-907f-4b49-84a8-823d845ea25c
CA1.DE,Circus SE,1.68,EUR,XETRA,2026-09-29 15:35:42+00:00,85c6372d-907f-4b49-84a8-823d845ea25c
CCAP.DE,CORESTATE Capital Holding S.A.,0.1805,EUR,XETRA,2026-09-29 15:35:56+00:00,85c6372d-907f-4b49-84a8-823d845ea25c
CDZ0.DE,MHP Hotel AG,1.28,EUR,XETRA,2026-09-29 15:35:38+00:00,85c6372d-907f-4b49-84a8-823d845ea25c
CFC.DE,aconnic AG,0.454,EUR,XETRA,2026-09-29 15:35:16+00:00,85c6372d-907f-4b49-84a8-823d845ea25c
COIY.DE,IncomeShares Coinbase (COIN) Options ETP,0.93,EUR,XETRA,2026-09-29 15:36:07+00:00,85c6372d-907f-4b49-84a8-823d845ea25c
DBV.DE,DBV Technologies S.A.,1.985,EUR,XETRA,2026-09-29 15:35:42+00:00,85c6372d-907f-4b49-84a8-823d845ea25c
DFTK.DE,DF Deutsche Forfait AG,1.58,EUR,XETRA,2026-09-29 15:35:34+00:00,85c6372d-907f-4b49-84a8-823d845ea25c
DKG.DE,Deutsche Konsum Real Estate AG,1.5,EUR,XETRA,2026-09-29 15:35:19+00:00,85c6372d-907f-4b49-84a8-823d845ea25c
DMRE.DE,DEMIRE Deutsche Mittelstand Real Estate AG,0.384,EUR,XETRA,2026-09-29 15:35:32+00:00,85c6372d-907f-4b49-84a8-823d845ea25c
DRMS.DE,Leverage Shares -3x Short Memory (DRAM) ETP,1.6602,EUR,XETRA,2026-09-29 15:35:57+00:00,85c6372d-907f-4b49-84a8-823d845ea25c
DTD2.DE,B+S Banksysteme Aktiengesellschaft,1.97,EUR,XETRA,2026-09-29 15:35:19+00:00,85c6372d-907f-4b49-84a8-823d845ea25c
E3B.DE,Eutelsat Communications S.A.,1.605,EUR,XETRA,2026-09-29 15:35:53+00:00,85c6372d-907f-4b49-84a8-823d845ea25c
ERWE.DE,ERWE Immobilien AG,0.226,EUR,XETRA,2026-09-29 15:35:35+00:00,85c6372d-907f-4b49-84a8-823d845ea25c
EXJ0.DE,Readcrest Capital AG,1.22,EUR,XETRA,2026-09-29 15:35:26+00:00,85c6372d-907f-4b49-84a8-823d845ea25c
EXL.DE,Exasol AG,1.61,EUR,XETRA,2026-09-29 15:35:44+00:00,85c6372d-907f-4b49-84a8-823d845ea25c
FB3S.DE,Leverage Shares -3x Short Facebook (META) ETP Securities,0.7906,EUR,XETRA,2026-09-29 15:35:50+00:00,85c6372d-907f-4b49-84a8-823d845ea25c
FU0A.DE,Cerdios SE,1.06,EUR,XETRA,2026-09-29 15:35:57+00:00,85c6372d-907f-4b49-84a8-823d845ea25c
GFG.DE,Global Fashion Group S.A.,0.432,EUR,XETRA,2026-09-29 15:35:58+00:00,85c6372d-907f-4b49-84a8-823d845ea25c
GTH.DE,SGT German Private Equity GmbH & Co. KGaA,0.195,EUR,XETRA,2026-09-29 15:35:20+00:00,85c6372d-907f-4b49-84a8-823d845ea25c
GTY.DE,Gateway Real Estate AG,0.427,EUR,XETRA,2026-09-29 15:35:44+00:00,85c6372d-907f-4b49-84a8-823d845ea25c
H2A.DE,H2APEX Group SCA,1.02,EUR,XETRA,2026-09-29 15:35:36+00:00,85c6372d-907f-4b49-84a8-823d845ea25c
H2O.DE,Enapter AG,1.01,EUR,XETRA,2026-09-29 15:35:40+00:00,85c6372d-907f-4b49-84a8-823d845ea25c
HDD.DE,Heidelberger Druckmaschinen Aktiengesellschaft,1.408,EUR,XETRA,2026-09-29 15:35:04+00:00,85c6372d-907f-4b49-84a8-823d845ea25c
HGEA.DE,hGears AG,0.428,EUR,XETRA,2026-09-29 15:35:28+00:00,85c6372d-907f-4b49-84a8-823d845ea25c
HLG.DE,Highlight Communications AG,0.61,EUR,XETRA,2026-09-29 15:35:43+00:00,85c6372d-907f-4b49-84a8-823d845ea25c
HRPK.DE,7C Solarparken AG,1.835,EUR,XETRA,2026-09-29 15:35:32+00:00,85c6372d-907f-4b49-84a8-823d845ea25c
HTG.DE,HomeToGo SE,0.812,EUR,XETRA,2026-09-29 15:35:58+00:00,85c6372d-907f-4b49-84a8-823d845ea25c
IDD.DE,Innate Pharma S.A.,1.43,EUR,XETRA,2026-09-29 15:35:31+00:00,85c6372d-907f-4b49-84a8-823d845ea25c
IJ8.DE,ITM Power Plc,1.163,EUR,XETRA,2026-09-29 15:35:37+00:00,85c6372d-907f-4b49-84a8-823d845ea25c
IS7.DE,InTiCa Systems SE,1.53,EUR,XETRA,2026-09-29 15:35:19+00:00,85c6372d-907f-4b49-84a8-823d845ea25c
ISHA.DE,INTERSHOP Communications Aktiengesellschaft,1.365,EUR,XETRA,2026-09-29 15:35:23+00:00,85c6372d-907f-4b49-84a8-823d845ea25c
ITN.DE,Intertainment AG,0.31,EUR,XETRA,2026-09-29 15:35:33+00:00,85c6372d-907f-4b49-84a8-823d845ea25c
IUR.DE,KAP AG,0.93,EUR,XETRA,2026-09-29 15:35:29+00:00,85c6372d-907f-4b49-84a8-823d845ea25c
JD3.DE,Leverage Shares 3x JD.Com ETP Securities,1.6349,EUR,XETRA,2026-09-29 15:35:50+00:00,85c6372d-907f-4b49-84a8-823d845ea25c
KSC.DE,KPS AG,0.235,EUR,XETRA,2026-09-29 15:35:25+00:00,85c6372d-907f-4b49-84a8-823d845ea25c
LLD.DE,Lloyds Banking Group plc,1.255,EUR,XETRA,2026-09-29 15:35:38+00:00,85c6372d-907f-4b49-84a8-823d845ea25c
LMIA.DE,LION E-Mobility AG,1.31,EUR,XETRA,2026-09-29 15:35:46+00:00,85c6372d-907f-4b49-84a8-823d845ea25c
M3B0.DE,Pyramid AG,1.39,EUR,XETRA,2026-09-29 15:35:29+00:00,85c6372d-907f-4b49-84a8-823d845ea25c
M5S.DE,H2 Core AG,0.115,EUR,XETRA,2026-09-29 15:35:44+00:00,85c6372d-907f-4b49-84a8-823d845ea25c
MA10.DE,Binect AG,1.8,EUR,XETRA,2026-09-29 15:35:19+00:00,85c6372d-907f-4b49-84a8-823d845ea25c
MAK.DE,Maternus-Kliniken Aktiengesellschaft,0.91,EUR,XETRA,2026-09-29 15:37:57+00:00,85c6372d-907f-4b49-84a8-823d845ea25c
MBQ.DE,Mobotix AG,1.07,EUR,XETRA,2026-09-29 15:35:41+00:00,85c6372d-907f-4b49-84a8-823d845ea25c
MBZ3.DE,Leverage Shares 3x Long Mercedes Benz (MBG) ETP Securities,0.8732,EUR,XETRA,2026-09-29 15:36:06+00:00,85c6372d-907f-4b49-84a8-823d845ea25c
MOAL.DE,Monetario ETP,1.0081,EUR,XETRA,2026-09-29 15:36:09+00:00,85c6372d-907f-4b49-84a8-823d845ea25c
MRX.DE,Mister Spex SE,1.105,EUR,XETRA,2026-09-29 15:35:23+00:00,85c6372d-907f-4b49-84a8-823d845ea25c
MS1.DE,Marley Spoon Group SE,0.035,EUR,XETRA,2026-09-29 15:35:36+00:00,85c6372d-907f-4b49-84a8-823d845ea25c
MSAG.DE,MS Industrie AG,1.22,EUR,XETRA,2026-09-29 15:35:31+00:00,85c6372d-907f-4b49-84a8-823d845ea25c
MSTS.DE,Leverage Shares -3x Short MicroStrategy (MSTR) ETP,0.6709,EUR,XETRA,2026-09-29 15:36:12+00:00,85c6372d-907f-4b49-84a8-823d845ea25c
NC5A.DE,NorCom Information Technology GmbH & Co. KGaA,1.24,EUR,XETRA,2026-09-29 15:35:23+00:00,85c6372d-907f-4b49-84a8-823d845ea25c
NN6.DE,NanoRepro AG,1.65,EUR,XETRA,2026-09-29 15:35:44+00:00,85c6372d-907f-4b49-84a8-823d845ea25c
NVIS.DE,Leverage Shares -3x Short Nvidia (NVDA) ETP Securities,0.7729,EUR,XETRA,2026-09-29 15:35:53+00:00,85c6372d-907f-4b49-84a8-823d845ea25c
O5G.DE,CPI Property Group,0.74,EUR,XETRA,2026-09-29 15:35:54+00:00,85c6372d-907f-4b49-84a8-823d845ea25c
OT8.DE,Eleving Group S.A.,1.68,EUR,XETRA,2026-09-29 15:35:54+00:00,85c6372d-907f-4b49-84a8-823d845ea25c
P7V.DE,Photon Energy N.V.,0.285,EUR,XETRA,2026-09-29 15:35:40+00:00,85c6372d-907f-4b49-84a8-823d845ea25c
PDA0.DE,PRO DV AG,1.98,EUR,XETRA,2026-09-29 15:35:16+00:00,85c6372d-907f-4b49-84a8-823d845ea25c
PHGN.DE,Pharming Group N.V.,0.89,EUR,XETRA,2026-09-29 15:35:58+00:00,85c6372d-907f-4b49-84a8-823d845ea25c
PLUN.DE,Plug Power Inc.,1.6864,EUR,XETRA,2026-09-29 15:35:53+00:00,85c6372d-907f-4b49-84a8-823d845ea25c
PO1.DE,POB AG,1.34,EUR,XETRA,2026-09-29 15:35:30+00:00,85c6372d-907f-4b49-84a8-823d845ea25c
POLY.DE,21Shares Polygon ETP,1.13,EUR,XETRA,2026-09-29 15:36:04+00:00,85c6372d-907f-4b49-84a8-823d845ea25c
PSH0.DE,Sernova Biotherapeutics Inc,0.0582,EUR,XETRA,2026-09-29 15:35:47+00:00,85c6372d-907f-4b49-84a8-823d845ea25c
PTHH.DE,Path2 Hydrogen AG,0.24,EUR,XETRA,2026-09-29 15:35:21+00:00,85c6372d-907f-4b49-84a8-823d845ea25c
PTP.DE,Pentixapharm Holding AG,1.84,EUR,XETRA,2026-09-29 15:35:31+00:00,85c6372d-907f-4b49-84a8-823d845ea25c
RAS3.DE,Leverage Shares -3x Short Ferrari (RACE) ETP Securities,1.3045,EUR,XETRA,2026-09-29 15:36:08+00:00,85c6372d-907f-4b49-84a8-823d845ea25c
RCMN.DE,RCM Beteiligungs AG,1.14,EUR,XETRA,2026-09-29 15:35:39+00:00,85c6372d-907f-4b49-84a8-823d845ea25c
RDAN.DE,Bitwise Physical Cardano ETC,0.9855,EUR,XETRA,2026-09-29 15:36:10+00:00,85c6372d-907f-4b49-84a8-823d845ea25c
RET.DE,RealUnit Schweiz AG,1.51,EUR,XETRA,2026-09-29 15:35:58+00:00,85c6372d-907f-4b49-84a8-823d845ea25c
RJIB.DE,Rock Tech Lithium Inc.,0.395,EUR,XETRA,2026-09-29 15:35:32+00:00,85c6372d-907f-4b49-84a8-823d845ea25c
RTC.DE,RealTech AG,1.03,EUR,XETRA,2026-09-29 15:35:41+00:00,85c6372d-907f-4b49-84a8-823d845ea25c
RTV.DE,Your Family Entertainment AG,0.23,EUR,XETRA,2026-09-29 15:35:17+00:00,85c6372d-907f-4b49-84a8-823d845ea25c
S3CH.DE,Leverage Shares -3x Short China ETP Securities,0.9324,EUR,XETRA,2026-09-29 15:35:53+00:00,85c6372d-907f-4b49-84a8-823d845ea25c
SBX.DE,SynBiotic SE,1.06,EUR,XETRA,2026-09-29 15:35:22+00:00,85c6372d-907f-4b49-84a8-823d845ea25c
SGDE.DE,Leverage Shares -3x Short Gold Miners ETP Securities,0.8322,EUR,XETRA,2026-09-29 15:35:47+00:00,85c6372d-907f-4b49-84a8-823d845ea25c
SGS3.DE,SG ETC NATURAL GAS FUTURE,1.395,EUR,XETRA,2026-09-29 15:35:48+00:00,85c6372d-907f-4b49-84a8-823d845ea25c
SGYE.DE,Leverage Shares -5x Short DAX ETP Securities,0.7616,EUR,XETRA,2026-09-29 15:35:52+00:00,85c6372d-907f-4b49-84a8-823d845ea25c
SIRM.DE,Sirma Group JSC,0.846,EUR,XETRA,2026-09-29 15:35:50+00:00,85c6372d-907f-4b49-84a8-823d845ea25c
SJAP.DE,Leverage Shares -3x Short Japan ETP Securities,0.6532,EUR,XETRA,2026-09-29 15:36:00+00:00,85c6372d-907f-4b49-84a8-823d845ea25c
SLSA.DE,Solutiance AG,1.37,EUR,XETRA,2026-09-29 15:35:20+00:00,85c6372d-907f-4b49-84a8-823d845ea25c
SMF3.DE,Leverage Shares -3x Short Microsoft (MSFT) ETP Securities,0.1908,EUR,XETRA,2026-09-29 15:36:12+00:00,85c6372d-907f-4b49-84a8-823d845ea25c
SYZ.DE,SYZYGY AG,1.065,EUR,XETRA,2026-09-29 15:35:35+00:00,85c6372d-907f-4b49-84a8-823d845ea25c
T9G.DE,Vidac Pharma Holding Plc,0.42,EUR,XETRA,2026-09-29 15:35:52+00:00,85c6372d-907f-4b49-84a8-823d845ea25c
TLT5.DE,Leverage Shares 5x Long 20+ Year Treasury Bond ETP Securities,1.5451,EUR,XETRA,2026-09-29 15:36:11+00:00,85c6372d-907f-4b49-84a8-823d845ea25c
TPG0.DE,The Platform Group SE & Co. KGaA,1.0,EUR,XETRA,2026-09-29 15:35:22+00:00,85c6372d-907f-4b49-84a8-823d845ea25c
TUF.DE,LIBERO Football Finance AG,0.185,EUR,XETRA,2026-09-29 15:35:18+00:00,85c6372d-907f-4b49-84a8-823d845ea25c
ULC.DE,UNITEDLABELS Aktiengesellschaft,0.99,EUR,XETRA,2026-09-29 15:35:36+00:00,85c6372d-907f-4b49-84a8-823d845ea25c
UMD.DE,UMT United Mobility Technology AG,1.11,EUR,XETRA,2026-09-29 15:35:15+00:00,85c6372d-907f-4b49-84a8-823d845ea25c
UUU.DE,3U Holding AG,0.996,EUR,XETRA,2026-09-29 15:35:23+00:00,85c6372d-907f-4b49-84a8-823d845ea25c
V21A.DE,21Shares Avalanche ETP,1.8016,EUR,XETRA,2026-09-29 15:35:47+00:00,85c6372d-907f-4b49-84a8-823d845ea25c
VAVA.DE,VanEck Avalanche ETN A,1.014,EUR,XETRA,2026-09-29 15:36:08+00:00,85c6372d-907f-4b49-84a8-823d845ea25c
VCEL.DE,VanEck Celestia ETN,1.032,EUR,XETRA,2026-09-29 15:36:10+00:00,85c6372d-907f-4b49-84a8-823d845ea25c
VDOT.DE,VanEck Polkadot ETN A,0.3175,EUR,XETRA,2026-09-29 15:36:00+00:00,85c6372d-907f-4b49-84a8-823d845ea25c
VGND.DE,VanEck Algorand ETN,1.213,EUR,XETRA,2026-09-29 15:35:53+00:00,85c6372d-907f-4b49-84a8-823d845ea25c
VODI.DE,Vodafone Group Public Limited Company,1.4405,EUR,XETRA,2026-09-29 15:35:32+00:00,85c6372d-907f-4b49-84a8-823d845ea25c
VPYT.DE,VanEck Pyth ETN A USD Acc,1.7895,EUR,XETRA,2026-09-29 15:35:54+00:00,85c6372d-907f-4b49-84a8-823d845ea25c
VRTA.DE,Virtune Crypto Altcoin Index ETP,0.9137,EUR,XETRA,2026-09-29 15:35:48+00:00,85c6372d-907f-4b49-84a8-823d845ea25c
VRTC.DE,Virtune Coinbase 50 Index ETP,1.4652,EUR,XETRA,2026-09-29 15:35:59+00:00,85c6372d-907f-4b49-84a8-823d845ea25c
VRTL.DE,Virtune Chainlink ETP,1.252,EUR,XETRA,2026-09-29 15:36:09+00:00,85c6372d-907f-4b49-84a8-823d845ea25c
VRTN.DE,Virtune Stablecoin Index ETP,1.5078,EUR,XETRA,2026-09-29 15:36:00+00:00,85c6372d-907f-4b49-84a8-823d845ea25c
VRTS.DE,Virtune Staked Solana ETP (VIRSOL),1.099,EUR,XETRA,2026-09-29 15:36:02+00:00,85c6372d-907f-4b49-84a8-823d845ea25c
VRTU.DE,Virtune Sui ETP,0.998,EUR,XETRA,2026-09-29 15:35:51+00:00,85c6372d-907f-4b49-84a8-823d845ea25c
VRTX.DE,Virtune XRP ETP,1.295,EUR,XETRA,2026-09-29 15:36:02+00:00,85c6372d-907f-4b49-84a8-823d845ea25c
VRV.DE,Verve Group Media SE,1.112,EUR,XETRA,2026-09-29 15:35:30+00:00,85c6372d-907f-4b49-84a8-823d845ea25c
VUL.DE,Vulcan Energy Resources Ltd,1.179,EUR,XETRA,2026-09-29 15:35:56+00:00,85c6372d-907f-4b49-84a8-823d845ea25c
VVU.DE,Vivendi SE,1.435,EUR,XETRA,2026-09-29 15:35:46+00:00,85c6372d-907f-4b49-84a8-823d845ea25c
VXT.DE,Vidinext AG,0.125,EUR,XETRA,2026-09-29 15:35:34+00:00,85c6372d-907f-4b49-84a8-823d845ea25c
WDL1.DE,Nakiki SE,0.231,EUR,XETRA,2026-09-29 15:35:33+00:00,85c6372d-907f-4b49-84a8-823d845ea25c
XL3S.DE,Leverage Shares -3x Short Financials ETP Securities,0.5946,EUR,XETRA,2026-09-29 15:36:04+00:00,85c6372d-907f-4b49-84a8-823d845ea25c
XO3S.DE,Leverage Shares -3x Short Exxon (XOM) ETP Securities,1.4523,EUR,XETRA,2026-09-29 15:36:00+00:00,85c6372d-907f-4b49-84a8-823d845ea25c
