Symbol,Company Name,Regular Market Price,Currency,Exchange,Quote Time,Request ID
04Q.DE,Nordea Bank Abp,17.88,EUR,XETRA,1790350550,49397ef4-28d7-4ac9-ba0a-d4dd5e7b972e
0AK.DE,Aramark,47.61,EUR,XETRA,1790350557,49397ef4-28d7-4ac9-ba0a-d4dd5e7b972e
0GZA.DE,RICI Enhanced Natural Gas (ER) Index EUR Hedge ETC,8.185,EUR,XETRA,1790350566,49397ef4-28d7-4ac9-ba0a-d4dd5e7b972e
0GZH.DE,RICI Enhanced Aluminum Excess Return Index,15.12,EUR,XETRA,1790350548,49397ef4-28d7-4ac9-ba0a-d4dd5e7b972e
0GZI.DE,RICI Enhanced Zinc Excess Return Index,37.21,EUR,XETRA,1790350555,49397ef4-28d7-4ac9-ba0a-d4dd5e7b972e
0GZK.DE,RICI Enhanced Lead Excess Return Index,31.7,EUR,XETRA,1790350564,49397ef4-28d7-4ac9-ba0a-d4dd5e7b972e
0L5.DE,"Lamb Weston Holdings, Inc.",38.68,EUR,XETRA,1790350550,49397ef4-28d7-4ac9-ba0a-d4dd5e7b972e
0M0.DE,Averdion Se,1.47,EUR,XETRA,1790350527,49397ef4-28d7-4ac9-ba0a-d4dd5e7b972e
0M5.DE,"BILL Holdings, Inc.",39.7,EUR,XETRA,1790350532,49397ef4-28d7-4ac9-ba0a-d4dd5e7b972e
0P0.DE,Galaxy Digital Inc.,21.455,EUR,XETRA,1790350556,49397ef4-28d7-4ac9-ba0a-d4dd5e7b972e
0Q30.DE,"Beyond Meat, Inc.",7.365,EUR,XETRA,1790350684,49397ef4-28d7-4ac9-ba0a-d4dd5e7b972e
0S1.DE,"OneMain Holdings, Inc.",49.61,EUR,XETRA,1790350543,49397ef4-28d7-4ac9-ba0a-d4dd5e7b972e
0UB.DE,UBS Group AG,43.17,EUR,XETRA,1790350557,49397ef4-28d7-4ac9-ba0a-d4dd5e7b972e
0VD.DE,Universal Music Group N.V.,14.3,EUR,XETRA,1790350536,49397ef4-28d7-4ac9-ba0a-d4dd5e7b972e
0YB0.DE,IonQ Inc,40.245,EUR,XETRA,1790350548,49397ef4-28d7-4ac9-ba0a-d4dd5e7b972e
123F.DE,123fahrschule SE,2.54,EUR,XETRA,1790350542,49397ef4-28d7-4ac9-ba0a-d4dd5e7b972e
14D.DE,tokentus investment AG,0.595,EUR,XETRA,1790350522,49397ef4-28d7-4ac9-ba0a-d4dd5e7b972e
185.DE,Alcoa Corporation,37.61,EUR,XETRA,1790350550,49397ef4-28d7-4ac9-ba0a-d4dd5e7b972e
1APS.DE,Leverage Shares -1x Apple ETP Securities,2.6592,EUR,XETRA,1790350551,49397ef4-28d7-4ac9-ba0a-d4dd5e7b972e
1B8.DE,Ondas Inc.,6.86,EUR,XETRA,1790350535,49397ef4-28d7-4ac9-ba0a-d4dd5e7b972e
1F80.DE,Fincantieri S.p.A.,11.81,EUR,XETRA,1790347445,49397ef4-28d7-4ac9-ba0a-d4dd5e7b972e
1GBS.DE,GBS Software AG,5.1,EUR,XETRA,1790350537,49397ef4-28d7-4ac9-ba0a-d4dd5e7b972e
1NDA.DE,Leverage Shares -1x NVIDIA ETP Securities,11.798,EUR,XETRA,1790350556,49397ef4-28d7-4ac9-ba0a-d4dd5e7b972e
1S2.DE,"Figma, Inc.",18.64,EUR,XETRA,1790350536,49397ef4-28d7-4ac9-ba0a-d4dd5e7b972e
1SI.DE,Snap Inc.,4.795,EUR,XETRA,1790350555,49397ef4-28d7-4ac9-ba0a-d4dd5e7b972e
1SMA.DE,SMAG Mobile Antenna Masts AG,24.8,EUR,XETRA,1790350521,49397ef4-28d7-4ac9-ba0a-d4dd5e7b972e
1STS.DE,Leverage Shares -1x Tesla ETP Securities,19.976,EUR,XETRA,1790350560,49397ef4-28d7-4ac9-ba0a-d4dd5e7b972e
1SXP.DE,SCHOTT Pharma AG & Co. KGaA,24.65,EUR,XETRA,1790350528,49397ef4-28d7-4ac9-ba0a-d4dd5e7b972e
1TY.DE,Prosus N.V.,36.175,EUR,XETRA,1790350557,49397ef4-28d7-4ac9-ba0a-d4dd5e7b972e
1U1.DE,1&1 AG,24.15,EUR,XETRA,1790350507,49397ef4-28d7-4ac9-ba0a-d4dd5e7b972e
1VT.DE,"Viking Therapeutics, Inc.",31.4,EUR,XETRA,1790350554,49397ef4-28d7-4ac9-ba0a-d4dd5e7b972e
1XJ.DE,"Viper Energy, Inc.",36.28,EUR,XETRA,1790350557,49397ef4-28d7-4ac9-ba0a-d4dd5e7b972e
21BC.DE,21Shares Bitcoin Core ETP,17.505,EUR,XETRA,1790350558,49397ef4-28d7-4ac9-ba0a-d4dd5e7b972e
21HX.DE,21Shares Crypto Basket 10 Core ETP,24.176,EUR,XETRA,1790350550,49397ef4-28d7-4ac9-ba0a-d4dd5e7b972e
21HY.DE,21shares Hyperliquid Staking ETP,32.08,EUR,XETRA,1790350551,49397ef4-28d7-4ac9-ba0a-d4dd5e7b972e
21JS.DE,21shares Jito Staked SOL ETP USD,17.258,EUR,XETRA,1790350574,49397ef4-28d7-4ac9-ba0a-d4dd5e7b972e
21NR.DE,21Shares NEAR Protocol Staking ETP,13.176,EUR,XETRA,1790350552,49397ef4-28d7-4ac9-ba0a-d4dd5e7b972e
21ON.DE,21Shares Ondo ETP,8.541,EUR,XETRA,1790350563,49397ef4-28d7-4ac9-ba0a-d4dd5e7b972e
21SI.DE,21Shares Sui Staking ETP,27.496,EUR,XETRA,1790350552,49397ef4-28d7-4ac9-ba0a-d4dd5e7b972e
21ST.DE,21shares Strategy Yield ETP USD,18.488,EUR,XETRA,1790350554,49397ef4-28d7-4ac9-ba0a-d4dd5e7b972e
21XA.DE,21Shares Bitcoin Ethereum Core ETP,27.132,EUR,XETRA,1790350560,49397ef4-28d7-4ac9-ba0a-d4dd5e7b972e
21XH.DE,21Shares Crypto Basket Index ETP,14.013,EUR,XETRA,1790350562,49397ef4-28d7-4ac9-ba0a-d4dd5e7b972e
21XJ.DE,21Shares Binance BNB ETP,44.866,EUR,XETRA,1790350556,49397ef4-28d7-4ac9-ba0a-d4dd5e7b972e
21XL.DE,21Shares Chainlink ETP,12.306,EUR,XETRA,1790350562,49397ef4-28d7-4ac9-ba0a-d4dd5e7b972e
21XP.DE,21Shares XRP ETP,37.164,EUR,XETRA,1790350551,49397ef4-28d7-4ac9-ba0a-d4dd5e7b972e
21XV.DE,21Shares Aave ETP,15.15,EUR,XETRA,1790350570,49397ef4-28d7-4ac9-ba0a-d4dd5e7b972e
22Z.DE,Zealand Pharma A/S,36.62,EUR,XETRA,1790340265,49397ef4-28d7-4ac9-ba0a-d4dd5e7b972e
25M.DE,Opendoor Technologies Inc.,2.276,EUR,XETRA,1790350552,49397ef4-28d7-4ac9-ba0a-d4dd5e7b972e
26CA.DE,"ImmunityBio, Inc.",7.42,EUR,XETRA,1790350531,49397ef4-28d7-4ac9-ba0a-d4dd5e7b972e
27N0.DE,Cannovum Cannabis AG,0.578,EUR,XETRA,1790350522,49397ef4-28d7-4ac9-ba0a-d4dd5e7b972e
28K1.DE,"BigBear.ai Holdings, Inc.",2.461,EUR,XETRA,1790350555,49397ef4-28d7-4ac9-ba0a-d4dd5e7b972e
2BD.DE,Redwire Corporation,10.38,EUR,XETRA,1790350550,49397ef4-28d7-4ac9-ba0a-d4dd5e7b972e
2BRE.DE,Leverage Shares 2x Long Berkshire Hathaway (BRK-B) ETP Securities,8.1285,EUR,XETRA,1790350549,49397ef4-28d7-4ac9-ba0a-d4dd5e7b972e
2BTC.DE,21Shares Bitcoin ETP,24.158,EUR,XETRA,1790350561,49397ef4-28d7-4ac9-ba0a-d4dd5e7b972e
2BTD.DE,21Shares Bitcoin ETP,27.562,USD,XETRA,1790350561,49397ef4-28d7-4ac9-ba0a-d4dd5e7b972e
2HQ0.DE,"Tilray Brands, Inc.",3.61,EUR,XETRA,1790350549,49397ef4-28d7-4ac9-ba0a-d4dd5e7b972e
2HRA.DE,H&R GmbH & Co. KGaA,7.42,EUR,XETRA,1790350526,49397ef4-28d7-4ac9-ba0a-d4dd5e7b972e
2KD.DE,"Kinder Morgan, Inc.",27.06,EUR,XETRA,1790350549,49397ef4-28d7-4ac9-ba0a-d4dd5e7b972e
2OY.DE,Dow Inc.,24.59,EUR,XETRA,1790350545,49397ef4-28d7-4ac9-ba0a-d4dd5e7b972e
2PP.DE,"PayPal Holdings, Inc.",48.225,EUR,XETRA,1790350548,49397ef4-28d7-4ac9-ba0a-d4dd5e7b972e
2SCS.DE,21Shares Solana Core Staking ETP,4.671,EUR,XETRA,1790350559,49397ef4-28d7-4ac9-ba0a-d4dd5e7b972e
2SWT.DE,Leverage Shares 2x Short WTI Oil ETC,0.4741,EUR,XETRA,1790350566,49397ef4-28d7-4ac9-ba0a-d4dd5e7b972e
2UNI.DE,21Shares Uniswap ETP,12.727,EUR,XETRA,1790350549,49397ef4-28d7-4ac9-ba0a-d4dd5e7b972e
3330.DE,Rostra AG,3.82,EUR,XETRA,1790350524,49397ef4-28d7-4ac9-ba0a-d4dd5e7b972e
37C.DE,CNH Industrial N.V.,11.44,EUR,XETRA,1790350552,49397ef4-28d7-4ac9-ba0a-d4dd5e7b972e
38I.DE,Intellia Therapeutics Inc,10.4,EUR,XETRA,1790350543,49397ef4-28d7-4ac9-ba0a-d4dd5e7b972e
3A9.DE,Cipher Digital Inc.,15.55,EUR,XETRA,1790350530,49397ef4-28d7-4ac9-ba0a-d4dd5e7b972e
3AKE.DE,Leverage Shares -3x Short ARK Innovation ETP Securities,4.1046,EUR,XETRA,1790350547,49397ef4-28d7-4ac9-ba0a-d4dd5e7b972e
3AKI.DE,Leverage Shares 3x Long ARK Innovation ETP Securities,34.23,EUR,XETRA,1790350549,49397ef4-28d7-4ac9-ba0a-d4dd5e7b972e
3AN.DE,Leverage Shares 3x Amazon ETP Securities,6.626,EUR,XETRA,1790350557,49397ef4-28d7-4ac9-ba0a-d4dd5e7b972e
3BBE.DE,Leverage Shares 3x Alibaba ETP Securities,1.3419,EUR,XETRA,1790350569,49397ef4-28d7-4ac9-ba0a-d4dd5e7b972e
3CBR.DE,Leverage Shares 3x Long Cerebras Systems (CBRS) ETP,2.1464,EUR,XETRA,1790350562,49397ef4-28d7-4ac9-ba0a-d4dd5e7b972e
3CIN.DE,Leverage Shares 3x Long China ETP Securities,1.9895,EUR,XETRA,1790350546,49397ef4-28d7-4ac9-ba0a-d4dd5e7b972e
3COI.DE,Leverage Shares 3x Long Coinbase (COIN) ETP Securities,0.2508,EUR,XETRA,1790350566,49397ef4-28d7-4ac9-ba0a-d4dd5e7b972e
3CRE.DE,Leverage Shares 3x Salesforce.Com ETP Securities,1.2208,EUR,XETRA,1790350573,49397ef4-28d7-4ac9-ba0a-d4dd5e7b972e
3DIE.DE,Leverage Shares 3x Disney ETP Securities,25.27,EUR,XETRA,1790350564,49397ef4-28d7-4ac9-ba0a-d4dd5e7b972e
3GLD.DE,Leverage Shares 3x Long Gold ETP Securities,33.346,EUR,XETRA,1790350572,49397ef4-28d7-4ac9-ba0a-d4dd5e7b972e
3HNX.DE,Leverage Shares 3x Long SK Hynix ETP,1.1159,EUR,XETRA,1790350564,49397ef4-28d7-4ac9-ba0a-d4dd5e7b972e
3IND.DE,Leverage Shares 3x Long India ETP Securities,12.791,EUR,XETRA,1790350569,49397ef4-28d7-4ac9-ba0a-d4dd5e7b972e
3ITN.DE,audius SE,10.2,EUR,XETRA,1790350521,49397ef4-28d7-4ac9-ba0a-d4dd5e7b972e
3JPN.DE,Leverage Shares 3x Long Japan ETP Securities,18.267,EUR,XETRA,1790350554,49397ef4-28d7-4ac9-ba0a-d4dd5e7b972e
3KWB.DE,Leverage Shares 3x Long China Tech ETP Securities,4.5426,EUR,XETRA,1790350550,49397ef4-28d7-4ac9-ba0a-d4dd5e7b972e
3MSE.DE,Leverage Shares 3x Microsoft ETP Securities,48.9,EUR,XETRA,1790350572,49397ef4-28d7-4ac9-ba0a-d4dd5e7b972e
3NFE.DE,Leverage Shares 3x Netflix ETC,25.892,EUR,XETRA,1790350574,49397ef4-28d7-4ac9-ba0a-d4dd5e7b972e
3PL.DE,Planet Fitness Inc,36.85,EUR,XETRA,1790350554,49397ef4-28d7-4ac9-ba0a-d4dd5e7b972e
3RAC.DE,Leverage Shares 3x Long Ferrari (RACE) ETP Securities,12.911,EUR,XETRA,1790350560,49397ef4-28d7-4ac9-ba0a-d4dd5e7b972e
3S9.DE,Sunrun Inc.,7.01,EUR,XETRA,1790350553,49397ef4-28d7-4ac9-ba0a-d4dd5e7b972e
3SAA.DE,Leverage Shares -3x Short Apple (AAPL) ETP Securities,21.84,EUR,XETRA,1790350550,49397ef4-28d7-4ac9-ba0a-d4dd5e7b972e
3SAM.DE,Leverage Shares -3x Short Amazon (AMZN) ETP Securities,8.8595,EUR,XETRA,1790350561,49397ef4-28d7-4ac9-ba0a-d4dd5e7b972e
3SLV.DE,Leverage Shares 3x Long Silver ETP Securities,11.925,EUR,XETRA,1790350572,49397ef4-28d7-4ac9-ba0a-d4dd5e7b972e
3SQ1.DE,AHT Syngas Technology N.V.,2.26,EUR,XETRA,1790350542,49397ef4-28d7-4ac9-ba0a-d4dd5e7b972e
3TSA.DE,Leverage Shares 3x Short Taiwan ETC,17.008,EUR,XETRA,1790350554,49397ef4-28d7-4ac9-ba0a-d4dd5e7b972e
3TSC.DE,Leverage Shares -3x Short Taiwan Semiconductor (TSM) ETP Securities,0.3168,EUR,XETRA,1790350547,49397ef4-28d7-4ac9-ba0a-d4dd5e7b972e
3TSE.DE,Leverage Shares 3x Tesla ETP Securities,5.7865,EUR,XETRA,1790350546,49397ef4-28d7-4ac9-ba0a-d4dd5e7b972e
3URE.DE,Leverage Shares 3x Uber ETC Securities,0.2423,EUR,XETRA,1790350558,49397ef4-28d7-4ac9-ba0a-d4dd5e7b972e
3UX.DE,Cleanspark Inc,12.0,EUR,XETRA,1790350556,49397ef4-28d7-4ac9-ba0a-d4dd5e7b972e
3VTE.DE,Leverage Shares 3x Long Total World ETP Securities,6.407,EUR,XETRA,1790350572,49397ef4-28d7-4ac9-ba0a-d4dd5e7b972e
3VU.DE,The Carlyle Group Inc.,34.715,EUR,XETRA,1790350541,49397ef4-28d7-4ac9-ba0a-d4dd5e7b972e
3XAI.DE,Leverage Shares 3x Long SpaceX ETP,3.3666,EUR,XETRA,1790350574,49397ef4-28d7-4ac9-ba0a-d4dd5e7b972e
3XEE.DE,Lvrg Shrs 3x Long Oil & Gas ETP Securities,13.395,EUR,XETRA,1790350568,49397ef4-28d7-4ac9-ba0a-d4dd5e7b972e
3XFE.DE,Leverage Shares 3x Long Financials ETP Securities,4.5606,EUR,XETRA,1790350553,49397ef4-28d7-4ac9-ba0a-d4dd5e7b972e
42G1.DE,SG ETC Coffee Future,22.496,EUR,XETRA,1790350564,49397ef4-28d7-4ac9-ba0a-d4dd5e7b972e
42G3.DE,SG ETC Unleaded Gasoline Future,21.05,EUR,XETRA,1790350566,49397ef4-28d7-4ac9-ba0a-d4dd5e7b972e
42G4.DE,SG ETC Heating Oil Future,29.95,EUR,XETRA,1790350566,49397ef4-28d7-4ac9-ba0a-d4dd5e7b972e
42GI.DE,SG ETC Copper Future,13.815,EUR,XETRA,1790350569,49397ef4-28d7-4ac9-ba0a-d4dd5e7b972e
42GL.DE,SG ETC Gas Oil Future,41.486,EUR,XETRA,1790350566,49397ef4-28d7-4ac9-ba0a-d4dd5e7b972e
472.DE,"Cellnex Telecom, S.A.",24.49,EUR,XETRA,1790337247,49397ef4-28d7-4ac9-ba0a-d4dd5e7b972e
48CA.DE,"CaixaBank, S.A.",13.22,EUR,XETRA,1790349237,49397ef4-28d7-4ac9-ba0a-d4dd5e7b972e
49G.DE,On Holding AG,26.37,EUR,XETRA,1790350531,49397ef4-28d7-4ac9-ba0a-d4dd5e7b972e
4BE.DE,BPER Banca SpA,14.386,EUR,XETRA,1790335072,49397ef4-28d7-4ac9-ba0a-d4dd5e7b972e
4DS.DE,Daldrup & Söhne Aktiengesellschaft,22.3,EUR,XETRA,1790350524,49397ef4-28d7-4ac9-ba0a-d4dd5e7b972e
4LT1.DE,"Northern Oil and Gas, Inc.",20.54,EUR,XETRA,1790350539,49397ef4-28d7-4ac9-ba0a-d4dd5e7b972e
4MGN.DE,"Match Group, Inc.",36.21,EUR,XETRA,1790348175,49397ef4-28d7-4ac9-ba0a-d4dd5e7b972e
4PN.DE,Carrier Global Corporation,49.07,EUR,XETRA,1790350540,49397ef4-28d7-4ac9-ba0a-d4dd5e7b972e
4X0.DE,Steyr Motors AG,31.5,EUR,XETRA,1790350535,49397ef4-28d7-4ac9-ba0a-d4dd5e7b972e
4XY.DE,APi Group Corporation,33.8,EUR,XETRA,1790350532,49397ef4-28d7-4ac9-ba0a-d4dd5e7b972e
541.DE,ADT Inc.,5.6,EUR,XETRA,1790350545,49397ef4-28d7-4ac9-ba0a-d4dd5e7b972e
58H.DE,Davide Campari-Milano N.V.,5.968,EUR,XETRA,1790337400,49397ef4-28d7-4ac9-ba0a-d4dd5e7b972e
5MAG.DE,Leverage Shares 5x Long Magnificent 7 ETP Securities,29.274,EUR,XETRA,1790350549,49397ef4-28d7-4ac9-ba0a-d4dd5e7b972e
5SIE.DE,Leverage Shares -5x Short 7-10 Year Treasury Bond ETP Securities,17.776,EUR,XETRA,1790350562,49397ef4-28d7-4ac9-ba0a-d4dd5e7b972e
5SPE.DE,Leverage Shares 5x Long S&P 500 ETP Securities,4.6782,EUR,XETRA,1790350564,49397ef4-28d7-4ac9-ba0a-d4dd5e7b972e
5STI.DE,Leverage Shares -5x Short TIPS Inflation Protected US Bond ETP Securities,15.15,EUR,XETRA,1790350553,49397ef4-28d7-4ac9-ba0a-d4dd5e7b972e
5STL.DE,Leverage Shares -5x Short 20+ Year Treasury Bond ETP Securities,18.042,EUR,XETRA,1790350553,49397ef4-28d7-4ac9-ba0a-d4dd5e7b972e
690D.DE,"Haier Smart Home Co., Ltd.",1.8426,EUR,XETRA,1790350530,49397ef4-28d7-4ac9-ba0a-d4dd5e7b972e
6B0.DE,"SoFi Technologies, Inc.",14.632,EUR,XETRA,1790350550,49397ef4-28d7-4ac9-ba0a-d4dd5e7b972e
6IC.DE,Iridium Communications Inc.,42.7,EUR,XETRA,1790350547,49397ef4-28d7-4ac9-ba0a-d4dd5e7b972e
6IV.DE,Inventiva S.A.,2.905,EUR,XETRA,1790350535,49397ef4-28d7-4ac9-ba0a-d4dd5e7b972e
6V5.DE,"Allegro MicroSystems, Inc.",31.44,EUR,XETRA,1790350543,49397ef4-28d7-4ac9-ba0a-d4dd5e7b972e
703.DE,Alfen N.V.,12.33,EUR,XETRA,1790350556,49397ef4-28d7-4ac9-ba0a-d4dd5e7b972e
77F.DE,"Aurora Innovation, Inc.",5.383,EUR,XETRA,1790350549,49397ef4-28d7-4ac9-ba0a-d4dd5e7b972e
788.DE,"Coupang, Inc.",12.29,EUR,XETRA,1790350557,49397ef4-28d7-4ac9-ba0a-d4dd5e7b972e
7A6.DE,Antero Resources Corporation,30.71,EUR,XETRA,1790350554,49397ef4-28d7-4ac9-ba0a-d4dd5e7b972e
7HP.DE,HP Inc.,27.66,EUR,XETRA,1790350542,49397ef4-28d7-4ac9-ba0a-d4dd5e7b972e
7J70.DE,Navitas Semiconductor Corporation,10.6,EUR,XETRA,1790350536,49397ef4-28d7-4ac9-ba0a-d4dd5e7b972e
7MAG.DE,IncomeShares Magnificent 7 Options ETP,28.378,EUR,XETRA,1790350572,49397ef4-28d7-4ac9-ba0a-d4dd5e7b972e
7PI.DE,Poste Italiane S.p.A.,25.98,EUR,XETRA,1790342877,49397ef4-28d7-4ac9-ba0a-d4dd5e7b972e
7RA.DE,"Acadia Healthcare Company, Inc.",24.6,EUR,XETRA,1790350532,49397ef4-28d7-4ac9-ba0a-d4dd5e7b972e
7V0.DE,Novogenia AG,7.45,EUR,XETRA,1790350529,49397ef4-28d7-4ac9-ba0a-d4dd5e7b972e
7ZD.DE,"Core Scientific, Inc.",15.43,EUR,XETRA,1790350555,49397ef4-28d7-4ac9-ba0a-d4dd5e7b972e
801.DE,"Academy Sports and Outdoors, Inc.",42.8,EUR,XETRA,1790350535,49397ef4-28d7-4ac9-ba0a-d4dd5e7b972e
81D.DE,Swissnet AG,1.405,EUR,XETRA,1790350551,49397ef4-28d7-4ac9-ba0a-d4dd5e7b972e
82W.DE,"Hims & Hers Health, Inc.",25.78,EUR,XETRA,1790350533,49397ef4-28d7-4ac9-ba0a-d4dd5e7b972e
855.DE,"Upstart Holdings, Inc.",21.375,EUR,XETRA,1790350543,49397ef4-28d7-4ac9-ba0a-d4dd5e7b972e
85H1.DE,Planet Labs PBC,15.7,EUR,XETRA,1790350531,49397ef4-28d7-4ac9-ba0a-d4dd5e7b972e
88Q.DE,4basebio PLC,6.35,EUR,XETRA,1790350551,49397ef4-28d7-4ac9-ba0a-d4dd5e7b972e
8AK.DE,Alkermes plc,35.63,EUR,XETRA,1790350533,49397ef4-28d7-4ac9-ba0a-d4dd5e7b972e
8EO.DE,Zeta Global Holdings Corp.,26.15,EUR,XETRA,1790350537,49397ef4-28d7-4ac9-ba0a-d4dd5e7b972e
8K2.DE,GitLab Inc.,42.075,EUR,XETRA,1790350535,49397ef4-28d7-4ac9-ba0a-d4dd5e7b972e
8TI.DE,Stellantis N.V.,4.0245,EUR,XETRA,1790350541,49397ef4-28d7-4ac9-ba0a-d4dd5e7b972e
8TRA.DE,Traton SE,35.12,EUR,XETRA,1790350520,49397ef4-28d7-4ac9-ba0a-d4dd5e7b972e
8W80.DE,"Smartbird, Inc",2.14,EUR,XETRA,1790335069,49397ef4-28d7-4ac9-ba0a-d4dd5e7b972e
8ZQ.DE,Ferrovial N.V.,48.59,EUR,XETRA,1790350550,49397ef4-28d7-4ac9-ba0a-d4dd5e7b972e
91D.DE,"Compass, Inc.",8.226,EUR,XETRA,1790350531,49397ef4-28d7-4ac9-ba0a-d4dd5e7b972e
93M1.DE,MPH Health Care AG,26.0,EUR,XETRA,1790350545,49397ef4-28d7-4ac9-ba0a-d4dd5e7b972e
A00.DE,"Rigetti Computing, Inc.",14.962,EUR,XETRA,1790350544,49397ef4-28d7-4ac9-ba0a-d4dd5e7b972e
A1C0.DE,Archer Aviation Inc.,5.05,EUR,XETRA,1790350541,49397ef4-28d7-4ac9-ba0a-d4dd5e7b972e
A1G.DE,American Airlines Group Inc.,11.894,EUR,XETRA,1790350554,49397ef4-28d7-4ac9-ba0a-d4dd5e7b972e
A2A.DE,"Essential Utilities, Inc.",34.5,EUR,XETRA,1790350534,49397ef4-28d7-4ac9-ba0a-d4dd5e7b972e
A441.DE,"Aena S.M.E., S.A.",26.06,EUR,XETRA,1790335057,49397ef4-28d7-4ac9-ba0a-d4dd5e7b972e
A6T.DE,artec technologies AG,1.89,EUR,XETRA,1790350528,49397ef4-28d7-4ac9-ba0a-d4dd5e7b972e
A7A.DE,Heliad AG,14.05,EUR,XETRA,1790264136,49397ef4-28d7-4ac9-ba0a-d4dd5e7b972e
A83.DE,Crescent Energy Company,11.7,EUR,XETRA,1790350556,49397ef4-28d7-4ac9-ba0a-d4dd5e7b972e
AAD.DE,Amadeus FiRe AG,16.86,EUR,XETRA,1790350525,49397ef4-28d7-4ac9-ba0a-d4dd5e7b972e
AAG.DE,Aumann AG,13.55,EUR,XETRA,1790350544,49397ef4-28d7-4ac9-ba0a-d4dd5e7b972e
AAPY.DE,IncomeShares Apple (AAPL) Options ETP,7.334,EUR,XETRA,1790350546,49397ef4-28d7-4ac9-ba0a-d4dd5e7b972e
AAQ1.DE,aap Implantate AG,1.7,EUR,XETRA,1790350527,49397ef4-28d7-4ac9-ba0a-d4dd5e7b972e
AB2.DE,ABN AMRO Bank N.V.,43.74,EUR,XETRA,1790347905,49397ef4-28d7-4ac9-ba0a-d4dd5e7b972e
AB9.DE,ABO Energy GmbH & Co. KGaA,3.175,EUR,XETRA,1790350518,49397ef4-28d7-4ac9-ba0a-d4dd5e7b972e
ABCH.DE,21Shares Bitcoin Cash ETP,11.707,EUR,XETRA,1790350559,49397ef4-28d7-4ac9-ba0a-d4dd5e7b972e
ABO.DE,clearvise AG,1.195,EUR,XETRA,1790350539,49397ef4-28d7-4ac9-ba0a-d4dd5e7b972e
ABR0.DE,Barrick Mining Corporation,37.25,EUR,XETRA,1790350547,49397ef4-28d7-4ac9-ba0a-d4dd5e7b972e
ABS2.DE,PORR AG,32.15,EUR,XETRA,1790350556,49397ef4-28d7-4ac9-ba0a-d4dd5e7b972e
ABX.DE,Advanced Blockchain AG,1.226,EUR,XETRA,1790350516,49397ef4-28d7-4ac9-ba0a-d4dd5e7b972e
ACR.DE,Accor SA,45.92,EUR,XETRA,1790350538,49397ef4-28d7-4ac9-ba0a-d4dd5e7b972e
ACWN.DE,A.S. Création Tapeten AG,6.3,EUR,XETRA,1790350515,49397ef4-28d7-4ac9-ba0a-d4dd5e7b972e
ACX.DE,bet-at-home.com AG,3.13,EUR,XETRA,1790350527,49397ef4-28d7-4ac9-ba0a-d4dd5e7b972e
ADAA.DE,21Shares Cardano ETP,3.9816,EUR,XETRA,1790350574,49397ef4-28d7-4ac9-ba0a-d4dd5e7b972e
ADE.DE,Bitcoin Group SE,28.26,EUR,XETRA,1790350515,49397ef4-28d7-4ac9-ba0a-d4dd5e7b972e
ADG.DE,AMG Critical Materials N.V.,28.72,EUR,XETRA,1790350551,49397ef4-28d7-4ac9-ba0a-d4dd5e7b972e
ADI1.DE,Adecco Group AG,25.8,EUR,XETRA,1790350532,49397ef4-28d7-4ac9-ba0a-d4dd5e7b972e
ADJ.DE,Adler Group S.A.,0.102,EUR,XETRA,1790350552,49397ef4-28d7-4ac9-ba0a-d4dd5e7b972e
ADOT.DE,21Shares Polkadot ETP,0.4946,EUR,XETRA,1790350574,49397ef4-28d7-4ac9-ba0a-d4dd5e7b972e
ADV.DE,Adtran Networks SE,21.9,EUR,XETRA,1790350516,49397ef4-28d7-4ac9-ba0a-d4dd5e7b972e
ADY1.DE,IncomeShares Analog Devices (ADI) Options ETP,8.692,EUR,XETRA,1790350550,49397ef4-28d7-4ac9-ba0a-d4dd5e7b972e
AEIN.DE,Allgeier SE,14.8,EUR,XETRA,1790350532,49397ef4-28d7-4ac9-ba0a-d4dd5e7b972e
AFG.DE,"American Eagle Outfitters, Inc.",14.205,EUR,XETRA,1790350556,49397ef4-28d7-4ac9-ba0a-d4dd5e7b972e
AFR0.DE,Air France-KLM SA,11.735,EUR,XETRA,1790350547,49397ef4-28d7-4ac9-ba0a-d4dd5e7b972e
AFX.DE,Carl Zeiss Meditec AG,31.06,EUR,XETRA,1790350508,49397ef4-28d7-4ac9-ba0a-d4dd5e7b972e
AG1.DE,AUTO1 Group SE,18.35,EUR,XETRA,1790350508,49397ef4-28d7-4ac9-ba0a-d4dd5e7b972e
AHOG.DE,Koninklijke Ahold Delhaize N.V.,31.78,EUR,XETRA,1790350549,49397ef4-28d7-4ac9-ba0a-d4dd5e7b972e
AIXA.DE,AIXTRON SE,34.8,EUR,XETRA,1790350504,49397ef4-28d7-4ac9-ba0a-d4dd5e7b972e
AJ91.DE,DocCheck AG,11.0,EUR,XETRA,1790350527,49397ef4-28d7-4ac9-ba0a-d4dd5e7b972e
ALC0.DE,21Shares Algorand ETP,0.994,EUR,XETRA,1790350550,49397ef4-28d7-4ac9-ba0a-d4dd5e7b972e
ALG.DE,ALBIS Leasing AG,3.36,EUR,XETRA,1790350527,49397ef4-28d7-4ac9-ba0a-d4dd5e7b972e
ALI1.DE,Almonty Industries Inc.,11.975,EUR,XETRA,1790350542,49397ef4-28d7-4ac9-ba0a-d4dd5e7b972e
AMI.DE,medondo holding AG,0.141,EUR,XETRA,1790350526,49397ef4-28d7-4ac9-ba0a-d4dd5e7b972e
AMK.DE,"Amkor Technology, Inc.",46.85,EUR,XETRA,1790350541,49397ef4-28d7-4ac9-ba0a-d4dd5e7b972e
AMM.DE,The Grounds Real Estate Development AG,0.38,EUR,XETRA,1790350530,49397ef4-28d7-4ac9-ba0a-d4dd5e7b972e
AMU3.DE,Leverage Shares 3x AMD ETC Securities,7.9,EUR,XETRA,1790350568,49397ef4-28d7-4ac9-ba0a-d4dd5e7b972e
AMV0.DE,Aumovio SE,36.8,EUR,XETRA,1790350526,49397ef4-28d7-4ac9-ba0a-d4dd5e7b972e
AMY1.DE,IncomeShares Applied Materials (AMAT) Options ETP,7.563,EUR,XETRA,1790350548,49397ef4-28d7-4ac9-ba0a-d4dd5e7b972e
AOMD.DE,Alstom SA,14.51,EUR,XETRA,1790350531,49397ef4-28d7-4ac9-ba0a-d4dd5e7b972e
AP4N.DE,"Riot Platforms, Inc.",20.075,EUR,XETRA,1790350535,49397ef4-28d7-4ac9-ba0a-d4dd5e7b972e
APM.DE,ad pepper media International N.V.,2.68,EUR,XETRA,1790350540,49397ef4-28d7-4ac9-ba0a-d4dd5e7b972e
APTB.DE,Bitwise Aptos Staking ETN,0.7588,EUR,XETRA,1790350567,49397ef4-28d7-4ac9-ba0a-d4dd5e7b972e
ARDY.DE,IncomeShares Artificial Intelligence Leaders ETP,7.7935,EUR,XETRA,1790350565,49397ef4-28d7-4ac9-ba0a-d4dd5e7b972e
ARG1.DE,LS ARK Genomic Revolution Tracker ETP Securities,3.7876,EUR,XETRA,1790350555,49397ef4-28d7-4ac9-ba0a-d4dd5e7b972e
ARK1.DE,LS ARK Innovation Tracker ETP Securities,4.0814,EUR,XETRA,1790350563,49397ef4-28d7-4ac9-ba0a-d4dd5e7b972e
ARMY.DE,IncomeShares ARM Options ETP,8.86,EUR,XETRA,1790350567,49397ef4-28d7-4ac9-ba0a-d4dd5e7b972e
ASG.DE,Assicurazioni Generali S.p.A.,43.72,EUR,XETRA,1790350537,49397ef4-28d7-4ac9-ba0a-d4dd5e7b972e
AT1.DE,Aroundtown SA,1.678,EUR,XETRA,1790350516,49397ef4-28d7-4ac9-ba0a-d4dd5e7b972e
AVG.DE,"Avantor, Inc.",13.42,EUR,XETRA,1790350534,49397ef4-28d7-4ac9-ba0a-d4dd5e7b972e
AVNB.DE,Bitwise Avalanche Staking ETN,4.5448,EUR,XETRA,1790350569,49397ef4-28d7-4ac9-ba0a-d4dd5e7b972e
AWN.DE,"Advance Auto Parts, Inc.",36.39,EUR,XETRA,1790350530,49397ef4-28d7-4ac9-ba0a-d4dd5e7b972e
AXA.DE,AXA SA,43.95,EUR,XETRA,1790350550,49397ef4-28d7-4ac9-ba0a-d4dd5e7b972e
AXNA.DE,Amplifon S.p.A.,11.47,EUR,XETRA,1790335068,49397ef4-28d7-4ac9-ba0a-d4dd5e7b972e
AYJ.DE,Valneva SE,2.661,EUR,XETRA,1790350534,49397ef4-28d7-4ac9-ba0a-d4dd5e7b972e
B4NA.DE,RICI Enhanced Aluminium TR USD ETC,24.918,USD,XETRA,1790350552,49397ef4-28d7-4ac9-ba0a-d4dd5e7b972e
B4NH.DE,RICI Enhanced Erdgas TR USD ETC,14.312,USD,XETRA,1790350566,49397ef4-28d7-4ac9-ba0a-d4dd5e7b972e
B4NP.DE,Aluminium TR ETC EUR,26.966,EUR,XETRA,1790350554,49397ef4-28d7-4ac9-ba0a-d4dd5e7b972e
